title,price,source
A Light in the Attic,£51.77,books
Tipping the Velvet,£53.74,books
Soumission,£50.10,books
Sharp Objects,£47.82,books
Sapiens: A Brief History of Humankind,£54.23,books
The Requiem Red,£22.65,books
The Dirty Little Secrets of Getting Your Dream Job,£33.34,books
"The Coming Woman: A Novel Based on the Life of the Infamous Feminist, Victoria Woodhull",£17.93,books
The Boys in the Boat: Nine Americans and Their Epic Quest for Gold at the 1936 Berlin Olympics,£22.60,books
The Black Maria,£52.15,books
"Starving Hearts (Triangular Trade Trilogy, #1)",£13.99,books
Shakespeare's Sonnets,£20.66,books
Set Me Free,£17.46,books
Scott Pilgrim's Precious Little Life (Scott Pilgrim #1),£52.29,books
Rip it Up and Start Again,£35.02,books
"Our Band Could Be Your Life: Scenes from the American Indie Underground, 1981-1991",£57.25,books
Olio,£23.88,books
Mesaerion: The Best Science Fiction Stories 1800-1849,£37.59,books
Libertarianism for Beginners,£51.33,books
It's Only the Himalayas,£45.17,books
In Her Wake,£12.84,books
How Music Works,£37.32,books
"Foolproof Preserving: A Guide to Small Batch Jams, Jellies, Pickles, Condiments, and More: A Foolproof Guide to Making Small Batch Jams, Jellies, Pickles, Condiments, and More",£30.52,books
Chase Me (Paris Nights #2),£25.27,books
Black Dust,£34.53,books
Birdsong: A Story in Pictures,£54.64,books
America's Cradle of Quarterbacks: Western Pennsylvania's Football Factory from Johnny Unitas to Joe Montana,£22.50,books
Aladdin and His Wonderful Lamp,£53.13,books
Worlds Elsewhere: Journeys Around Shakespeare’s Globe,£40.30,books
Wall and Piece,£44.18,books
The Four Agreements: A Practical Guide to Personal Freedom,£17.66,books
The Five Love Languages: How to Express Heartfelt Commitment to Your Mate,£31.05,books
The Elephant Tree,£23.82,books
The Bear and the Piano,£36.89,books
Sophie's World,£15.94,books
Penny Maybe,£33.29,books
Maude (1883-1993):She Grew Up with the country,£18.02,books
"In a Dark, Dark Wood",£19.63,books
Behind Closed Doors,£52.22,books
You can't bury them all: Poems,£33.63,books
Slow States of Collapse: Poems,£57.31,books
Reasons to Stay Alive,£26.41,books
Private Paris (Private #10),£47.61,books
#HigherSelfie: Wake Up Your Life. Free Your Soul. Find Your Tribe.,£23.11,books
Without Borders (Wanderlove #1),£45.07,books
When We Collided,£31.77,books
"We Love You, Charlie Freeman",£50.27,books
Untitled Collection: Sabbath Poems 2014,£14.27,books
"Unseen City: The Majesty of Pigeons, the Discreet Charm of Snails & Other Wonders of the Urban Wilderness",£44.18,books
Unicorn Tracks,£18.78,books
"Unbound: How Eight Technologies Made Us Human, Transformed Society, and Brought Our World to the Brink",£25.52,books
Tsubasa: WoRLD CHRoNiCLE 2 (Tsubasa WoRLD CHRoNiCLE #2),£16.28,books
Throwing Rocks at the Google Bus: How Growth Became the Enemy of Prosperity,£31.12,books
This One Summer,£19.49,books
Thirst,£17.27,books
The Torch Is Passed: A Harding Family Story,£19.09,books
The Secret of Dreadwillow Carse,£56.13,books
"The Pioneer Woman Cooks: Dinnertime: Comfort Classics, Freezer Food, 16-Minute Meals, and Other Delicious Ways to Solve Supper!",£56.41,books
The Past Never Ends,£56.50,books
The Natural History of Us (The Fine Art of Pretending #2),£45.22,books
The Nameless City (The Nameless City #1),£38.16,books
The Murder That Never Was (Forensic Instincts #5),£54.11,books
The Most Perfect Thing: Inside (and Outside) a Bird's Egg,£42.96,books
"The Mindfulness and Acceptance Workbook for Anxiety: A Guide to Breaking Free from Anxiety, Phobias, and Worry Using Acceptance and Commitment Therapy",£23.89,books
The Life-Changing Magic of Tidying Up: The Japanese Art of Decluttering and Organizing,£16.77,books
"The Inefficiency Assassin: Time Management Tactics for Working Smarter, Not Longer",£20.59,books
The Gutsy Girl: Escapades for Your Life of Epic Adventure,£37.13,books
The Electric Pencil: Drawings from Inside State Hospital No. 3,£56.06,books
The Death of Humanity: and the Case for Life,£58.11,books
"The Bulletproof Diet: Lose up to a Pound a Day, Reclaim Energy and Focus, Upgrade Your Life",£49.05,books
The Art Forger,£40.76,books
The Age of Genius: The Seventeenth Century and the Birth of the Modern Mind,£19.73,books
The Activist's Tao Te Ching: Ancient Advice for a Modern Revolution,£32.24,books
Spark Joy: An Illustrated Master Class on the Art of Organizing and Tidying Up,£41.83,books
Soul Reader,£39.58,books
Security,£39.25,books
"Saga, Volume 6 (Saga (Collected Editions) #6)",£25.02,books
"Saga, Volume 5 (Saga (Collected Editions) #5)",£51.04,books
Reskilling America: Learning to Labor in the Twenty-First Century,£19.83,books
"Rat Queens, Vol. 3: Demons (Rat Queens (Collected Editions) #11-15)",£50.40,books
"Princess Jellyfish 2-in-1 Omnibus, Vol. 01 (Princess Jellyfish 2-in-1 Omnibus #1)",£13.61,books
Princess Between Worlds (Wide-Awake Princess #5),£13.34,books
"Pop Gun War, Volume 1: Gift",£18.97,books
"Political Suicide: Missteps, Peccadilloes, Bad Calls, Backroom Hijinx, Sordid Pasts, Rotten Breaks, and Just Plain Dumb Mistakes in the Annals of American Politics",£36.28,books
Patience,£10.16,books
"Outcast, Vol. 1: A Darkness Surrounds Him (Outcast #1)",£15.44,books
orange: The Complete Collection 1 (orange: The Complete Collection #1),£48.41,books
Online Marketing for Busy Authors: A Step-By-Step Guide,£46.35,books
On a Midnight Clear,£14.07,books
Obsidian (Lux #1),£14.86,books
My Paris Kitchen: Recipes and Stories,£33.37,books
Masks and Shadows,£56.40,books
"Mama Tried: Traditional Italian Cooking for the Screwed, Crude, Vegan, and Tattooed",£14.02,books
"Lumberjanes, Vol. 2: Friendship to the Max (Lumberjanes #5-8)",£46.91,books
"Lumberjanes, Vol. 1: Beware the Kitten Holy (Lumberjanes #1-4)",£45.61,books
Lumberjanes Vol. 3: A Terrible Plan (Lumberjanes #9-12),£19.92,books
"Layered: Baking, Building, and Styling Spectacular Cakes",£40.11,books
Judo: Seven Steps to Black Belt (an Introductory Guide for Beginners),£53.90,books
Join,£35.67,books
In the Country We Love: My Family Divided,£22.00,books
Immunity: How Elie Metchnikoff Changed the Course of Modern Medicine,£57.36,books
"I Hate Fairyland, Vol. 1: Madly Ever After (I Hate Fairyland (Compilations) #1-5)",£29.17,books
I am a Hero Omnibus Volume 1,£54.63,books
How to Be Miserable: 40 Strategies You Already Use,£46.03,books
Her Backup Boyfriend (The Sorensen Family #1),£33.97,books
"Giant Days, Vol. 2 (Giant Days #5-8)",£22.11,books
Forever and Forever: The Courtship of Henry Longfellow and Fanny Appleton,£29.69,books
First and First (Five Boroughs #3),£15.97,books
Fifty Shades Darker (Fifty Shades #2),£21.96,books
Everydata: The Misinformation Hidden in the Little Data You Consume Every Day,£54.35,books
"Don't Be a Jerk: And Other Practical Advice from Dogen, Japan's Greatest Zen Master",£37.97,books
Danganronpa Volume 1,£51.99,books
Crown of Midnight (Throne of Glass #2),£43.29,books
"Codename Baboushka, Volume 1: The Conclave of Death",£36.72,books
Camp Midnight,£17.08,books
Call the Nurse: True Stories of a Country Nurse on a Scottish Isle,£29.14,books
Burning,£28.81,books
Bossypants,£49.46,books
"Bitch Planet, Vol. 1: Extraordinary Machine (Bitch Planet (Collected Editions))",£37.92,books
"Avatar: The Last Airbender: Smoke and Shadow, Part 3 (Smoke and Shadow #3)",£28.09,books
Algorithms to Live By: The Computer Science of Human Decisions,£30.81,books
A World of Flavor: Your Gluten Free Passport,£42.95,books
"A Piece of Sky, a Grain of Rice: A Memoir in Four Meditations",£56.76,books
A Murder in Time,£16.64,books
A Flight of Arrows (The Pathfinders #2),£55.53,books
A Fierce and Subtle Poison,£28.13,books
A Court of Thorns and Roses (A Court of Thorns and Roses #1),£52.37,books
(Un)Qualified: How God Uses Broken People to Do Big Things,£54.00,books
You Are What You Love: The Spiritual Power of Habit,£21.87,books
"William Shakespeare's Star Wars: Verily, A New Hope (William Shakespeare's Star Wars #4)",£43.30,books
Tuesday Nights in 1980,£21.04,books
Tracing Numbers on a Train,£41.60,books
Throne of Glass (Throne of Glass #1),£35.07,books
Thomas Jefferson and the Tripoli Pirates: The Forgotten War That Changed American History,£59.64,books
Thirteen Reasons Why,£52.72,books
The White Cat and the Monk: A Retelling of the Poem “Pangur Bán”,£58.08,books
The Wedding Dress,£24.12,books
The Vacationers,£42.15,books
The Third Wave: An Entrepreneur’s Vision of the Future,£12.61,books
The Stranger,£17.44,books
The Shadow Hero (The Shadow Hero),£33.14,books
The Secret (The Secret #1),£27.37,books
The Regional Office Is Under Attack!,£51.36,books
The Psychopath Test: A Journey Through the Madness Industry,£36.00,books
The Project,£10.65,books
The Power of Now: A Guide to Spiritual Enlightenment,£43.54,books
The Omnivore's Dilemma: A Natural History of Four Meals,£38.21,books
The Nerdy Nummies Cookbook: Sweet Treats for the Geek in All of Us,£37.34,books
The Murder of Roger Ackroyd (Hercule Poirot #4),£44.10,books
The Mistake (Off-Campus #2),£43.29,books
The Matchmaker's Playbook (Wingmen Inc. #1),£55.85,books
The Love and Lemons Cookbook: An Apple-to-Zucchini Celebration of Impromptu Cooking,£37.60,books
The Long Shadow of Small Ghosts: Murder and Memory in an American City,£10.97,books
The Kite Runner,£41.82,books
The House by the Lake,£36.95,books
The Glittering Court (The Glittering Court #1),£44.28,books
The Girl on the Train,£55.02,books
The Genius of Birds,£17.24,books
The Emerald Mystery,£23.15,books
The Cookies & Cups Cookbook: 125+ sweet & savory recipes reminding you to Always Eat Dessert First,£41.25,books
The Bridge to Consciousness: I'm Writing the Bridge Between Science and Our Old and New Beliefs.,£32.00,books
The Artist's Way: A Spiritual Path to Higher Creativity,£38.49,books
The Art of War,£33.34,books
The Argonauts,£10.93,books
The 10% Entrepreneur: Live Your Startup Dream Without Quitting Your Day Job,£27.55,books
Suddenly in Love (Lake Haven #1),£55.99,books
Something More Than This,£16.24,books
Soft Apocalypse,£26.12,books
So You've Been Publicly Shamed,£12.23,books
Shoe Dog: A Memoir by the Creator of NIKE,£23.99,books
"Shobu Samurai, Project Aryoku (#3)",£29.06,books
Secrets and Lace (Fatal Hearts #1),£20.27,books
Scarlett Epstein Hates It Here,£43.55,books
Romero and Juliet: A Tragic Tale of Love and Zombies,£36.94,books
Redeeming Love,£20.47,books
Poses for Artists Volume 1 - Dynamic and Sitting Poses: An Essential Reference for Figure Drawing and the Human Form,£41.06,books
Poems That Make Grown Women Cry,£14.19,books
"Nightingale, Sing",£38.28,books
Night Sky with Exit Wounds,£41.05,books
Mrs. Houdini,£30.25,books
Modern Romance,£28.26,books
Miss Peregrine’s Home for Peculiar Children (Miss Peregrine’s Peculiar Children #1),£10.76,books
Louisa: The Extraordinary Life of Mrs. Adams,£16.85,books
Little Red,£13.47,books
Library of Souls (Miss Peregrine’s Peculiar Children #3),£48.56,books
Large Print Heart of the Pride,£19.15,books
I Had a Nice Time And Other Lies...: How to find love & sh*t like that,£57.36,books
Hollow City (Miss Peregrine’s Peculiar Children #2),£42.98,books
Grumbles,£22.16,books
Full Moon over Noah’s Ark: An Odyssey to Mount Ararat and Beyond,£49.43,books
Frostbite (Vampire Academy #2),£29.99,books
Follow You Home,£21.36,books
First Steps for New Christians (Print Edition),£29.00,books
Finders Keepers (Bill Hodges Trilogy #2),£53.53,books
"Fables, Vol. 1: Legends in Exile (Fables #1)",£41.62,books
Eureka Trivia 6.0,£54.59,books
Drive: The Surprising Truth About What Motivates Us,£34.95,books
Done Rubbed Out (Reightman & Bailey #1),£37.72,books
Doing It Over (Most Likely To #1),£35.61,books
"Deliciously Ella Every Day: Quick and Easy Recipes for Gluten-Free Snacks, Packed Lunches, and Simple Meals",£42.16,books
Dark Notes,£19.19,books
"Daring Greatly: How the Courage to Be Vulnerable Transforms the Way We Live, Love, Parent, and Lead",£19.43,books
Close to You,£49.46,books
Chasing Heaven: What Dying Taught Me About Living,£37.80,books
Big Magic: Creative Living Beyond Fear,£30.80,books
Becoming Wise: An Inquiry into the Mystery and Art of Living,£27.43,books
Beauty Restored (Riley Family Legacy Novellas #3),£11.11,books
Batman: The Long Halloween (Batman),£36.50,books
Batman: The Dark Knight Returns (Batman),£15.38,books
Ayumi's Violin,£15.48,books
Anonymous,£46.82,books
Amy Meets the Saints and Sages,£18.46,books
Amid the Chaos,£36.58,books
Amatus,£50.54,books
Agnostic: A Spirited Manifesto,£12.51,books
Zealot: The Life and Times of Jesus of Nazareth,£24.70,books
You (You #1),£43.61,books
"Wonder Woman: Earth One, Volume One (Wonder Woman: Earth One #1)",£37.34,books
Wild Swans,£14.36,books
Why the Right Went Wrong: Conservatism--From Goldwater to the Tea Party and Beyond,£52.65,books
Whole Lotta Creativity Going On: 60 Fun and Unusual Exercises to Awaken and Strengthen Your Creativity,£38.20,books
What's It Like in Space?: Stories from Astronauts Who've Been There,£19.60,books
"We Are Robin, Vol. 1: The Vigilante Business (We Are Robin #1)",£53.90,books
Walt Disney's Alice in Wonderland,£12.96,books
V for Vendetta (V for Vendetta Complete),£37.10,books
Until Friday Night (The Field Party #1),£46.31,books
"Unbroken: A World War II Story of Survival, Resilience, and Redemption",£45.95,books
Twenty Yawns,£22.08,books
Through the Woods,£25.38,books
This Is Where It Ends,£27.12,books
The Year of Magical Thinking,£43.04,books
The Wright Brothers,£56.80,books
The White Queen (The Cousins' War #1),£25.91,books
The Wedding Pact (The O'Malleys #2),£32.61,books
The Time Keeper,£27.88,books
The Testament of Mary,£52.67,books
The Star-Touched Queen,£46.02,books
The Songs of the Gods,£44.48,books
The Song of Achilles,£37.40,books
The Rosie Project (Don Tillman #1),£54.04,books
The Power of Habit: Why We Do What We Do in Life and Business,£16.88,books
The Marriage of Opposites,£28.08,books
The Lucifer Effect: Understanding How Good People Turn Evil,£10.40,books
The Long Haul (Diary of a Wimpy Kid #9),£44.07,books
The Loney,£23.40,books
The Literature Book (Big Ideas Simply Explained),£17.43,books
The Last Mile (Amos Decker #2),£54.21,books
The Immortal Life of Henrietta Lacks,£40.67,books
The Hidden Oracle (The Trials of Apollo #1),£52.26,books
The Help Yourself Cookbook for Kids: 60 Easy Plant-Based Recipes Kids Can Make to Stay Healthy and Save the Earth,£28.77,books
The Guilty (Will Robie #4),£13.82,books
The First Hostage (J.B. Collins #2),£25.85,books
The Dovekeepers,£48.78,books
The Darkest Lie,£35.35,books
The Bane Chronicles (The Bane Chronicles #1-11),£44.73,books
The Bad-Ass Librarians of Timbuktu: And Their Race to Save the World’s Most Precious Manuscripts,£15.77,books
The 14th Colony (Cotton Malone #11),£39.24,books
That Darkness (Gardiner and Renner #1),£13.92,books
Tastes Like Fear (DI Marnie Rome #3),£10.69,books
Take Me with You,£45.21,books
Swell: A Year of Waves,£45.58,books
Superman Vol. 1: Before Truth (Superman by Gene Luen Yang #1),£11.89,books
Still Life with Bread Crumbs,£26.41,books
Steve Jobs,£39.50,books
Sorting the Beef from the Bull: The Science of Food Fraud Forensics,£44.74,books
Someone Like You (The Harrisons #2),£52.79,books
"So Cute It Hurts!!, Vol. 6 (So Cute It Hurts!! #6)",£35.43,books
Shtum,£55.84,books
See America: A Celebration of Our National Parks & Treasured Sites,£48.87,books
salt.,£46.78,books
Robin War,£47.82,books
"Red Hood/Arsenal, Vol. 1: Open for Business (Red Hood/Arsenal #1)",£25.48,books
Rain Fish,£23.57,books
"Quarter Life Poetry: Poems for the Young, Broke and Hangry",£50.89,books
Pet Sematary,£10.56,books
"Overload: How to Unplug, Unwind, and Unleash Yourself from the Pressure of Stress",£52.15,books
Once Was a Time,£18.28,books
Old School (Diary of a Wimpy Kid #10),£11.83,books
No Dream Is Too High: Life Lessons From a Man Who Walked on the Moon,£21.95,books
"Naruto (3-in-1 Edition), Vol. 14: Includes Vols. 40, 41 & 42 (Naruto: Omnibus #14)",£38.39,books
My Name Is Lucy Barton,£41.56,books
My Mrs. Brown,£24.48,books
My Kind of Crazy,£40.36,books
Mr. Mercedes (Bill Hodges Trilogy #1),£28.90,books
More Than Music (Chasing the Dream #1),£37.61,books
Made to Stick: Why Some Ideas Survive and Others Die,£38.85,books
Luis Paints the World,£53.95,books
Luckiest Girl Alive,£49.83,books
Lowriders to the Center of the Earth (Lowriders in Space #2),£51.51,books
Love Is a Mix Tape (Music #1),£18.03,books
Looking for Lovely: Collecting the Moments that Matter,£29.14,books
"Living Leadership by Insight: A Good Leader Achieves, a Great Leader Builds Monuments",£46.91,books
Let It Out: A Journey Through Journaling,£26.79,books
Lady Midnight (The Dark Artifices #1),£16.28,books
"It's All Easy: Healthy, Delicious Weeknight Meals in under 30 Minutes",£19.55,books
Island of Dragons (Unwanteds #7),£29.65,books
I Know What I'm Doing -- and Other Lies I Tell Myself: Dispatches from a Life Under Construction,£25.98,books
I Am Pilgrim (Pilgrim #1),£10.60,books
"Hyperbole and a Half: Unfortunate Situations, Flawed Coping Mechanisms, Mayhem, and Other Things That Happened",£14.75,books
"Hush, Hush (Hush, Hush #1)",£47.02,books
Hold Your Breath (Search and Rescue #1),£28.82,books
Hamilton: The Revolution,£58.79,books
Greek Mythic History,£10.23,books
God: The Most Unpleasant Character in All Fiction,£30.03,books
Glory over Everything: Beyond The Kitchen House,£45.84,books
Feathers: Displays of Brilliant Plumage,£49.05,books
"Far & Away: Places on the Brink of Change: Seven Continents, Twenty-Five Years",£15.06,books
Every Last Word,£46.47,books
Eligible (The Austen Project #4),£27.09,books
El Deafo,£57.62,books
Eight Hundred Grapes,£14.39,books
"Eaternity: More than 150 Deliciously Easy Vegan Recipes for a Long, Healthy, Satisfied, Joyful Life",£51.75,books
"Eat Fat, Get Thin",£54.07,books
Don't Get Caught,£55.35,books
Doctor Sleep (The Shining #2),£40.12,books
Demigods & Magicians: Percy and Annabeth Meet the Kanes (Percy Jackson & Kane Chronicles Crossover #1-3),£37.51,books
Dear Mr. Knightley,£11.21,books
Daily Fantasy Sports,£36.58,books
Crazy Love: Overwhelmed by a Relentless God,£47.72,books
Cometh the Hour (The Clifton Chronicles #6),£25.01,books
Code Name Verity (Code Name Verity #1),£22.13,books
Clockwork Angel (The Infernal Devices #1),£44.14,books
City of Glass (The Mortal Instruments #3),£56.02,books
City of Fallen Angels (The Mortal Instruments #4),£11.23,books
City of Bones (The Mortal Instruments #1),£43.28,books
City of Ashes (The Mortal Instruments #2),£47.27,books
Cell,£20.29,books
Catching Jordan (Hundred Oaks),£50.83,books
"Carry On, Warrior: Thoughts on Life Unarmed",£31.85,books
Carrie,£46.23,books
Buying In: The Secret Dialogue Between What We Buy and Who We Are,£37.80,books
Brain on Fire: My Month of Madness,£49.32,books
Batman: Europa,£32.01,books
Barefoot Contessa Back to Basics,£28.01,books
Barefoot Contessa at Home: Everyday Recipes You'll Make Over and Over Again,£50.62,books
Balloon Animals,£17.03,books
Art Ops Vol. 1,£48.80,books
Aristotle and Dante Discover the Secrets of the Universe (Aristotle and Dante Discover the Secrets of the Universe #1),£58.14,books
Angels Walking (Angels Walking #1),£34.20,books
Angels & Demons (Robert Langdon #1),£51.48,books
All the Light We Cannot See,£29.87,books
"Adulthood Is a Myth: A ""Sarah's Scribbles"" Collection",£10.90,books
Abstract City,£56.37,books
A Time of Torment (Charlie Parker #14),£48.35,books
A Study in Scarlet (Sherlock Holmes #1),£16.73,books
"A Series of Catastrophes and Miracles: A True Story of Love, Science, and Cancer",£56.48,books
A People's History of the United States,£40.79,books
A Man Called Ove,£39.72,books
A Distant Mirror: The Calamitous 14th Century,£14.58,books
A Brush of Wings (Angels Walking #3),£55.51,books
1491: New Revelations of the Americas Before Columbus,£21.80,books
"The Three Searches, Meaning, and the Story",£13.33,books
Searching for Meaning in Gailana,£38.73,books
Rook,£37.86,books
My Kitchen Year: 136 Recipes That Saved My Life,£11.53,books
13 Hours: The Inside Account of What Really Happened In Benghazi,£27.06,books
Will You Won't You Want Me?,£13.86,books
Tipping Point for Planet Earth: How Close Are We to the Edge?,£37.55,books
The Star-Touched Queen,£32.30,books
The Silent Sister (Riley MacPherson #1),£46.29,books
The Midnight Watch: A Novel of the Titanic and the Californian,£26.20,books
The Lonely City: Adventures in the Art of Being Alone,£33.26,books
The Gray Rhino: How to Recognize and Act on the Obvious Dangers We Ignore,£59.15,books
The Golden Condom: And Other Essays on Love Lost and Found,£39.43,books
The Epidemic (The Program 0.6),£14.44,books
The Dinner Party,£56.54,books
The Diary of a Young Girl,£59.90,books
The Children,£11.88,books
Stars Above (The Lunar Chronicles #4.5),£48.05,books
Snatched: How A Drug Queen Went Undercover for the DEA and Was Kidnapped By Colombian Guerillas,£21.21,books
Raspberry Pi Electronics Projects for the Evil Genius,£49.67,books
Quench Your Own Thirst: Business Lessons Learned Over a Beer or Two,£43.14,books
Psycho: Sanitarium (Psycho #1.5),£36.97,books
Poisonous (Max Revere Novels #3),£26.80,books
One with You (Crossfire #5),£15.71,books
No Love Allowed (Dodge Cove #1),£54.65,books
Murder at the 42nd Street Library (Raymond Ambler #1),£54.36,books
Most Wanted,£35.28,books
"Love, Lies and Spies",£20.55,books
How to Speak Golf: An Illustrated Guide to Links Lingo,£58.32,books
Hide Away (Eve Duncan #20),£11.84,books
Furiously Happy: A Funny Book About Horrible Things,£41.46,books
Everyday Italian: 125 Simple and Delicious Recipes,£20.10,books
Equal Is Unfair: America's Misguided Fight Against Income Inequality,£56.86,books
Eleanor & Park,£56.51,books
Dirty (Dive Bar #1),£40.83,books
Can You Keep a Secret? (Fear Street Relaunch #4),£48.64,books
Boar Island (Anna Pigeon #19),£59.48,books
A Paris Apartment,£39.01,books
"A la Mode: 120 Recipes in 60 Pairings: Pies, Tarts, Cakes, Crisps, and More Topped with Ice Cream, Gelato, Frozen Custard, and More",£38.77,books
Troublemaker: Surviving Hollywood and Scientology,£48.39,books
The Widow,£27.26,books
"The Sleep Revolution: Transforming Your Life, One Night at a Time",£11.68,books
The Improbability of Love,£59.45,books
The Art of Startup Fundraising,£21.00,books
Take Me Home Tonight (Rock Star Romance #3),£53.98,books
Sleeping Giants (Themis Files #1),£48.74,books
"Setting the World on Fire: The Brief, Astonishing Life of St. Catherine of Siena",£21.15,books
Playing with Fire,£13.71,books
Off the Hook (Fishing for Trouble #1),£47.67,books
Mothering Sunday,£13.34,books
"Mother, Can You Not?",£16.89,books
M Train,£27.18,books
Lilac Girls,£17.28,books
Lies and Other Acts of Love,£45.14,books
Lab Girl,£40.85,books
Keep Me Posted,£20.46,books
It Didn't Start with You: How Inherited Family Trauma Shapes Who We Are and How to End the Cycle,£56.27,books
Grey (Fifty Shades #4),£48.49,books
"Exit, Pursued by a Bear",£51.34,books
Daredevils,£16.34,books
Cravings: Recipes for What You Want to Eat,£20.50,books
Born for This: How to Find the Work You Were Meant to Do,£21.59,books
Arena,£21.36,books
Adultery,£20.88,books
A Mother's Reckoning: Living in the Aftermath of Tragedy,£19.53,books
A Gentleman's Position (Society of Gentlemen #3),£14.75,books
11/22/63,£48.48,books
"10% Happier: How I Tamed the Voice in My Head, Reduced Stress Without Losing My Edge, and Found Self-Help That Actually Works",£24.57,books
10-Day Green Smoothie Cleanse: Lose Up to 15 Pounds in 10 Days!,£49.71,books
Without Shame,£48.27,books
Watchmen,£58.05,books
Unlimited Intuition Now,£58.87,books
Underlying Notes,£11.82,books
The Shack,£28.03,books
The New Brand You: Your New Image Makes the Sale for You,£44.05,books
"The Moosewood Cookbook: Recipes from Moosewood Restaurant, Ithaca, New York",£12.34,books
The Flowers Lied,£16.68,books
"The Fabric of the Cosmos: Space, Time, and the Texture of Reality",£55.91,books
The Book of Mormon,£24.57,books
The Art and Science of Low Carbohydrate Living,£52.98,books
The Alien Club,£54.40,books
Suzie Snowflake: One beautiful flake (a self-esteem story),£54.81,books
Nap-a-Roo,£25.08,books
"NaNo What Now? Finding your editing process, revising your NaNoWriMo book and building a writing career through publishing and beyond",£10.41,books
Modern Day Fables,£47.44,books
If I Gave You God's Phone Number....: Searching for Spirituality in America,£20.91,books
"Fruits Basket, Vol. 9 (Fruits Basket #9)",£33.95,books
Dress Your Family in Corduroy and Denim,£43.68,books
Don't Forget Steven,£33.23,books
Chernobyl 01:23:40: The Incredible True Story of the World's Worst Nuclear Disaster,£35.92,books
Art and Fear: Observations on the Perils (and Rewards) of Artmaking,£48.63,books
A Shard of Ice (The Black Symphony Saga #1),£56.63,books
A Hero's Curse (The Unseen Chronicles #1),£50.49,books
23 Degrees South: A Tropical Tale of Changing Whether...,£35.79,books
"Zero to One: Notes on Startups, or How to Build the Future",£34.06,books
Why Not Me?,£17.76,books
When Breath Becomes Air,£39.36,books
Vagabonding: An Uncommon Guide to the Art of Long-Term World Travel,£36.94,books
The Unlikely Pilgrimage of Harold Fry (Harold Fry #1),£43.62,books
The New Drawing on the Right Side of the Brain,£43.02,books
"The Midnight Assassin: Panic, Scandal, and the Hunt for America's First Serial Killer",£28.45,books
The Martian (The Martian #1),£41.39,books
The High Mountains of Portugal,£51.15,books
The Grownup,£35.88,books
The E-Myth Revisited: Why Most Small Businesses Don't Work and What to Do About It,£36.91,books
South of Sunshine,£28.93,books
Smarter Faster Better: The Secrets of Being Productive in Life and Business,£38.89,books
Silence in the Dark (Logan Point #4),£58.33,books
Shadows of the Past (Logan Point #1),£39.67,books
Roller Girl,£14.10,books
Rising Strong,£21.82,books
Proofs of God: Classical Arguments from Tertullian to Barth,£54.21,books
Please Kill Me: The Uncensored Oral History of Punk,£31.19,books
Out of Print: City Lights Spotlight No. 14,£53.64,books
My Life Next Door (My Life Next Door ),£36.39,books
Miller's Valley,£58.54,books
Man's Search for Meaning,£29.48,books
"Love That Boy: What Two Presidents, Eight Road Trips, and My Son Taught Me About a Parent's Expectations",£25.06,books
Living Forward: A Proven Plan to Stop Drifting and Get the Life You Want,£12.55,books
Les Fleurs du Mal,£29.04,books
Left Behind (Left Behind #1),£40.72,books
Kill 'Em and Leave: Searching for James Brown and the American Soul,£45.05,books
Kierkegaard: A Christian Missionary to Christians,£47.13,books
John Vassos: Industrial Design for Modern Life,£20.22,books
I'll Give You the Sun,£56.48,books
I Will Find You,£44.21,books
Hystopia: A Novel,£21.96,books
Howl and Other Poems,£40.45,books
History of Beauty,£10.29,books
Heaven is for Real: A Little Boy's Astounding Story of His Trip to Heaven and Back,£52.86,books
Future Shock (Future Shock #1),£55.65,books
Ender's Game (The Ender Quintet #1),£43.64,books
Diary of a Citizen Scientist: Chasing Tiger Beetles and Other New Ways of Engaging the World,£28.41,books
Death by Leisure: A Cautionary Tale,£37.51,books
Brilliant Beacons: A History of the American Lighthouse,£11.45,books
Brazen: The Courage to Find the You That's Been Hiding,£19.22,books
Between the World and Me,£56.91,books
Being Mortal: Medicine and What Matters in the End,£55.06,books
"A Murder Over a Girl: Justice, Gender, Junior High",£13.20,books
32 Yolks,£53.63,books
"""Most Blessed of the Patriarchs"": Thomas Jefferson and the Empire of the Imagination",£44.48,books
You Are a Badass: How to Stop Doubting Your Greatness and Start Living an Awesome Life,£12.08,books
Wildlife of New York: A Five-Borough Coloring Book,£22.14,books
What Happened on Beale Street (Secrets of the South Mysteries #2),£25.37,books
Unreasonable Hope: Finding Faith in the God Who Brings Purpose to Your Pain,£46.33,books
Under the Tuscan Sun,£37.33,books
Toddlers Are A**holes: It's Not Your Fault,£25.55,books
The Year of Living Biblically: One Man's Humble Quest to Follow the Bible as Literally as Possible,£34.72,books
The Whale,£35.96,books
The Story of Art,£41.14,books
The Origin of Species,£10.01,books
The Great Gatsby,£36.05,books
The Good Girl,£49.03,books
The Glass Castle,£16.24,books
The Faith of Christopher Hitchens: The Restless Soul of the World's Most Notorious Atheist,£39.55,books
The Drowning Girls,£35.67,books
The Constant Princess (The Tudor Court #1),£16.62,books
The Bourne Identity (Jason Bourne #1),£42.78,books
The Bachelor Girl's Guide to Murder (Herringford and Watts Mysteries #1),£52.30,books
The Art Book,£32.34,books
The 7 Habits of Highly Effective People: Powerful Lessons in Personal Change,£33.17,books
Team of Rivals: The Political Genius of Abraham Lincoln,£20.12,books
Steal Like an Artist: 10 Things Nobody Told You About Being Creative,£20.90,books
"Sit, Stay, Love",£20.90,books
Sister Dear,£40.20,books
"Shrunken Treasures: Literary Classics, Short, Sweet, and Silly",£52.87,books
"Rich Dad, Poor Dad",£51.74,books
Raymie Nightingale,£34.41,books
Playing from the Heart,£32.38,books
Nightstruck: A Novel,£50.35,books
"Naturally Lean: 125 Nourishing Gluten-Free, Plant-Based Recipes--All Under 300 Calories",£11.38,books
Meternity,£43.58,books
Memoirs of a Geisha,£49.67,books
Like Never Before (Walker Family #2),£28.77,books
Life of Pi,£13.22,books
Leave This Song Behind: Teen Poetry at Its Best,£51.17,books
King's Folly (The Kinsman Chronicles #1),£39.61,books
John Adams,£57.43,books
How to Cook Everything Vegetarian: Simple Meatless Recipes for Great Food (How to Cook Everything),£46.01,books
How to Be a Domestic Goddess: Baking and the Art of Comfort Cooking,£28.25,books
Good in Bed (Cannie Shapiro #1),£37.05,books
"Fruits Basket, Vol. 7 (Fruits Basket #7)",£19.57,books
For the Love: Fighting for Grace in a World of Impossible Standards,£45.13,books
Finding God in the Ruins: How God Redeems Pain,£46.64,books
Every Heart a Doorway (Every Heart A Doorway #1),£12.16,books
Delivering the Truth (Quaker Midwife Mystery #1),£20.89,books
Counted With the Stars (Out from Egypt #1),£17.97,books
"Chronicles, Vol. 1",£52.60,books
Blue Like Jazz: Nonreligious Thoughts on Christian Spirituality,£25.77,books
Benjamin Franklin: An American Life,£48.19,books
"At The Existentialist Café: Freedom, Being, and apricot cocktails with: Jean-Paul Sartre, Simone de Beauvoir, Albert Camus, Martin Heidegger, Edmund Husserl, Karl Jaspers, Maurice Merleau-Ponty and others",£29.93,books
A Summer In Europe,£44.34,books
A Short History of Nearly Everything,£52.40,books
A Gathering of Shadows (Shades of Magic #2),£44.81,books
The Sound Of Love,£57.84,books
The Rise and Fall of the Third Reich: A History of Nazi Germany,£39.67,books
The Perks of Being a Wallflower,£55.02,books
The Mysterious Affair at Styles (Hercule Poirot #1),£24.80,books
The Man Who Mistook His Wife for a Hat and Other Clinical Tales,£59.45,books
The Makings of a Fatherless Child,£31.58,books
The Joy of Cooking,£43.27,books
The Invention of Wings,£37.34,books
The Hobbit (Middle-Earth Universe),£17.80,books
The Great Railway Bazaar,£30.54,books
The Golden Compass (His Dark Materials #1),£18.77,books
The God Delusion,£46.85,books
The Girl You Left Behind (The Girl You Left Behind #1),£15.79,books
The Fellowship of the Ring (The Lord of the Rings #1),£10.27,books
The Collected Poems of W.B. Yeats (The Collected Works of W.B. Yeats #1),£15.42,books
The Barefoot Contessa Cookbook,£59.92,books
Tell the Wolves I'm Home,£50.96,books
Ship Leaves Harbor: Essays on Travel by a Recovering Journeyman,£30.60,books
Pride and Prejudice,£19.27,books
Musicophilia: Tales of Music and the Brain,£46.58,books
Mere Christianity,£48.51,books
Me Before You (Me Before You #1),£19.02,books
In the Woods (Dublin Murder Squad #1),£38.38,books
In Cold Blood,£49.98,books
How to Stop Worrying and Start Living,£46.49,books
Give It Back,£18.32,books
"Girl, Interrupted",£42.14,books
Fun Home: A Family Tragicomic,£56.59,books
"Fruits Basket, Vol. 6 (Fruits Basket #6)",£20.96,books
Deception Point,£40.32,books
"Death Note, Vol. 6: Give-and-Take (Death Note #6)",£36.39,books
Catherine the Great: Portrait of a Woman,£58.55,books
Better Homes and Gardens New Cook Book,£39.61,books
An Unquiet Mind: A Memoir of Moods and Madness,£21.30,books
A Year in Provence (Provence #1),£56.88,books
World Without End (The Pillars of the Earth #2),£32.97,books
"Will Grayson, Will Grayson (Will Grayson, Will Grayson)",£47.31,books
Why Save the Bankers?: And Other Essays on Our Economic and Political Crisis,£48.67,books
Where She Went (If I Stay #2),£41.73,books
What If?: Serious Scientific Answers to Absurd Hypothetical Questions,£53.68,books
Two Summers,£14.64,books
This Is Your Brain on Music: The Science of a Human Obsession,£38.40,books
The Secret Garden,£15.08,books
The Raven King (The Raven Cycle #4),£30.57,books
The Raven Boys (The Raven Cycle #1),£57.74,books
The Power Greens Cookbook: 140 Delicious Superfood Recipes,£11.05,books
The Metamorphosis,£28.58,books
The Mathews Men: Seven Brothers and the War Against Hitler's U-boats,£42.91,books
The Little Paris Bookshop,£24.73,books
The Hiding Place,£55.91,books
The Grand Design,£13.76,books
The Firm,£45.56,books
The Fault in Our Stars,£47.22,books
The False Prince (The Ascendance Trilogy #1),£56.00,books
The Expatriates,£44.58,books
The Dream Thieves (The Raven Cycle #2),£34.50,books
The Darkest Corners,£11.33,books
The Crossover,£38.77,books
The 5th Wave (The 5th Wave #1),£11.83,books
Tell the Wind and Fire,£45.51,books
Tell Me Three Things,£41.81,books
Talking to Girls About Duran Duran: One Young Man's Quest for True Love and a Cooler Haircut,£25.15,books
Siddhartha,£34.22,books
Shiver (The Wolves of Mercy Falls #1),£16.23,books
Remember Me?,£11.48,books
Red Dragon (Hannibal Lecter #1),£23.37,books
Peak: Secrets from the New Science of Expertise,£16.28,books
My Mother Was Nuts,£31.63,books
Mexican Today: New and Rediscovered Recipes for Contemporary Kitchens,£24.91,books
Maybe Something Beautiful: How Art Transformed a Neighborhood,£22.54,books
Lola and the Boy Next Door (Anna and the French Kiss #2),£23.63,books
Logan Kade (Fallen Crest High #5.5),£13.12,books
Last One Home (New Beginnings #1),£59.98,books
Killing Floor (Jack Reacher #1),£31.49,books
Kill the Boy Band,£15.52,books
Isla and the Happily Ever After (Anna and the French Kiss #3),£48.13,books
If I Stay (If I Stay #1),£38.13,books
I Know Why the Caged Bird Sings (Maya Angelou's Autobiography #1),£36.55,books
Harry Potter and the Deathly Hallows (Harry Potter #7),£23.32,books
"Fruits Basket, Vol. 5 (Fruits Basket #5)",£16.33,books
Foundation (Foundation (Publication Order) #1),£32.42,books
Fool Me Once,£16.96,books
Find Her (Detective D.D. Warren #8),£22.37,books
Evicted: Poverty and Profit in the American City,£42.27,books
Drama,£38.70,books
Dracula the Un-Dead,£35.63,books
Digital Fortress,£58.00,books
"Death Note, Vol. 5: Whiteout (Death Note #5)",£52.41,books
"Data, A Love Story: How I Gamed Online Dating to Meet My Match",£32.35,books
Critique of Pure Reason,£20.75,books
Booked,£17.49,books
"Blue Lily, Lily Blue (The Raven Cycle #3)",£34.13,books
Approval Junkie: Adventures in Caring Too Much,£58.81,books
An Abundance of Katherines,£10.00,books
America's War for the Greater Middle East: A Military History,£51.22,books
Alight (The Generations Trilogy #2),£58.59,books
A Girl's Guide to Moving On (New Beginnings #2),£31.30,books
A Game of Thrones (A Song of Ice and Fire #1),£46.42,books
A Feast for Crows (A Song of Ice and Fire #4),£17.21,books
A Clash of Kings (A Song of Ice and Fire #2),£10.79,books
Vogue Colors A to Z: A Fashion Coloring Book,£52.35,books
The Shining (The Shining #1),£27.88,books
The Pilgrim's Progress,£50.26,books
The Perfect Play (Play by Play #1),£59.99,books
The Passion of Dolssa,£28.32,books
The Jazz of Physics: The Secret Link Between Music and the Structure of the Universe,£38.71,books
The Hunger Games (The Hunger Games #1),£29.85,books
The Hound of the Baskervilles (Sherlock Holmes #5),£14.82,books
The Gunning of America: Business and the Making of American Gun Culture,£16.81,books
The Geography of Bliss: One Grump's Search for the Happiest Places in the World,£28.23,books
The Demonists (Demonist #1),£52.11,books
"The Demon Prince of Momochi House, Vol. 4 (The Demon Prince of Momochi House #4)",£27.88,books
The Bone Hunters (Lexy Vaughan & Steven Macaulay #2),£59.71,books
The Beast (Black Dagger Brotherhood #14),£46.08,books
Some Women,£13.73,books
Shopaholic Ties the Knot (Shopaholic #3),£48.39,books
Paper and Fire (The Great Library #2),£49.45,books
Outlander (Outlander #1),£19.67,books
"Orchestra of Exiles: The Story of Bronislaw Huberman, the Israel Philharmonic, and the One Thousand Jews He Saved from Nazi Horrors",£12.36,books
No One Here Gets Out Alive,£20.02,books
Night Shift (Night Shift #1-20),£12.75,books
Needful Things,£47.51,books
Mockingjay (The Hunger Games #3),£20.44,books
Misery,£34.79,books
Little Women (Little Women #1),£28.07,books
It,£25.01,books
Harry Potter and the Sorcerer's Stone (Harry Potter #1),£13.90,books
Harry Potter and the Prisoner of Azkaban (Harry Potter #3),£24.17,books
Harry Potter and the Order of the Phoenix (Harry Potter #5),£31.63,books
Harry Potter and the Half-Blood Prince (Harry Potter #6),£48.75,books
Harry Potter and the Chamber of Secrets (Harry Potter #2),£14.74,books
Gone with the Wind,£32.49,books
God Is Not Great: How Religion Poisons Everything,£27.80,books
Girl With a Pearl Earring,£26.77,books
"Fruits Basket, Vol. 4 (Fruits Basket #4)",£50.44,books
Far From True (Promise Falls Trilogy #2),£34.93,books
Dark Lover (Black Dagger Brotherhood #1),£12.87,books
Confessions of a Shopaholic (Shopaholic #1),£48.94,books
Changing the Game (Play by Play #2),£13.38,books
Candide,£58.63,books
Can You Keep a Secret?,£21.94,books
Atlas Shrugged,£26.58,books
Animal Farm,£57.22,books
A Walk to Remember,£56.43,books
A New Earth: Awakening to Your Life's Purpose,£55.65,books
"A History of God: The 4,000-Year Quest of Judaism, Christianity, and Islam",£27.62,books
'Salem's Lot,£49.56,books
Zero History (Blue Ant #3),£34.77,books
Wuthering Heights,£17.73,books
World War Z: An Oral History of the Zombie War,£21.80,books
Wild: From Lost to Found on the Pacific Crest Trail,£46.02,books
"Where'd You Go, Bernadette",£18.13,books
When You Are Engulfed in Flames,£30.89,books
We the People: The Modern-Day Figures Who Have Reshaped and Affirmed the Founding Fathers' Vision of America,£31.95,books
We Are All Completely Beside Ourselves,£24.04,books
Walk the Edge (Thunder Road #2),£32.36,books
Voyager (Outlander #3),£21.07,books
Very Good Lives: The Fringe Benefits of Failure and the Importance of Imagination,£50.66,books
Vegan Vegetarian Omnivore: Dinner for Everyone at the Table,£13.66,books
"Unstuffed: Decluttering Your Home, Mind, and Soul",£58.09,books
Under the Banner of Heaven: A Story of Violent Faith,£30.00,books
Two Boys Kissing,£32.74,books
Twilight (Twilight #1),£41.93,books
Twenties Girl,£42.80,books
"Trespassing Across America: One Man's Epic, Never-Done-Before (and Sort of Illegal) Hike Across the Heartland",£53.51,books
Three-Martini Lunch,£23.21,books
"Thinking, Fast and Slow",£21.14,books
The Wild Robot,£56.07,books
"The Wicked + The Divine, Vol. 3: Commercial Suicide (The Wicked + The Divine)",£14.41,books
The Undomestic Goddess,£45.75,books
The Travelers,£15.77,books
The Tipping Point: How Little Things Can Make a Big Difference,£10.02,books
The Thing About Jellyfish,£48.77,books
The Stand,£57.86,books
The Smitten Kitchen Cookbook,£23.59,books
The Silkworm (Cormoran Strike #2),£23.05,books
"The Sandman, Vol. 3: Dream Country (The Sandman (volumes) #3)",£55.55,books
The Rose & the Dagger (The Wrath and the Dawn #2),£58.64,books
The Road to Little Dribbling: Adventures of an American in Britain (Notes From a Small Island #2),£23.21,books
The Rise of Theodore Roosevelt (Theodore Roosevelt #1),£42.57,books
The Restaurant at the End of the Universe (Hitchhiker's Guide to the Galaxy #2),£10.92,books
The Rest Is Noise: Listening to the Twentieth Century,£34.77,books
The Red Tent,£35.66,books
The Purpose Driven Life: What on Earth Am I Here for?,£37.19,books
The Purest Hook (Second Circle Tattoos #3),£12.25,books
The Picture of Dorian Gray,£29.70,books
The Paris Wife,£36.80,books
The Obsession,£45.43,books
The Nightingale,£26.26,books
The New Guy (and Other Senior Year Distractions),£44.92,books
The Nanny Diaries (Nanny #1),£52.53,books
The Name of God is Mercy,£37.25,books
The Maze Runner (The Maze Runner #1),£20.93,books
The Lover's Dictionary,£58.09,books
The Lonely Ones,£43.59,books
The Lean Startup: How Today's Entrepreneurs Use Continuous Innovation to Create Radically Successful Businesses,£33.92,books
The Last Painting of Sara de Vos,£55.55,books
"The Land of 10,000 Madonnas",£29.64,books
The Infinities,£27.41,books
The Husband's Secret,£52.51,books
The Hitchhiker's Guide to the Galaxy (Hitchhiker's Guide to the Galaxy #1),£47.80,books
The Guns of August,£14.54,books
The Guernsey Literary and Potato Peel Pie Society,£49.53,books
The Goldfinch,£43.58,books
The Giver (The Giver Quartet #1),£12.30,books
The Girl with All the Gifts,£49.47,books
The Girl Who Played with Fire (Millennium Trilogy #2),£22.14,books
The Girl Who Kicked the Hornet's Nest (Millennium Trilogy #3),£57.48,books
The Exiled,£43.45,books
"The End of Faith: Religion, Terror, and the Future of Reason",£22.13,books
"The Elegant Universe: Superstrings, Hidden Dimensions, and the Quest for the Ultimate Theory",£13.03,books
"The Disappearing Spoon: And Other True Tales of Madness, Love, and the History of the World from the Periodic Table of the Elements",£57.35,books
The Devil Wears Prada (The Devil Wears Prada #1),£44.29,books
The Demon-Haunted World: Science as a Candle in the Dark,£52.25,books
The Day the Crayons Came Home (Crayons),£26.33,books
The Da Vinci Code (Robert Langdon #2),£22.96,books
The Cuckoo's Calling (Cormoran Strike #1),£19.21,books
The Complete Stories and Poems (The Works of Edgar Allan Poe [Cameo Edition]),£26.78,books
The Complete Poems,£41.32,books
The Catcher in the Rye,£24.55,books
The Cat in the Hat (Beginner Books B-1),£16.26,books
The Case for Christ (Cases for Christianity),£47.84,books
The Book Thief,£53.49,books
The Book of Basketball: The NBA According to The Sports Guy,£44.84,books
The Blind Side: Evolution of a Game,£53.71,books
The Autobiography of Malcolm X,£23.43,books
"The Art of Simple Food: Notes, Lessons, and Recipes from a Delicious Revolution",£34.32,books
The Art of Fielding,£22.10,books
"Surely You're Joking, Mr. Feynman!: Adventures of a Curious Character",£25.83,books
Stiff: The Curious Lives of Human Cadavers,£36.74,books
Spilled Milk: Based on a True Story,£49.51,books
Something Borrowed (Darcy & Rachel #1),£48.96,books
Something Blue (Darcy & Rachel #2),£54.62,books
Soldier (Talon #3),£24.72,books
Shopaholic & Baby (Shopaholic #5),£46.45,books
Seven Days in the Art World,£52.33,books
Seven Brief Lessons on Physics,£30.60,books
Scarlet (The Lunar Chronicles #2),£14.57,books
Sarah's Key,£46.29,books
"Saga, Volume 3 (Saga (Collected Editions) #3)",£21.57,books
Running with Scissors,£12.91,books
Rogue Lawyer (Rogue Lawyer #1),£50.11,books
"Rise of the Rocket Girls: The Women Who Propelled Us, from Missiles to the Moon to Mars",£41.67,books
Rework,£44.88,books
Reservations for Two,£11.10,books
Red: The True Story of Red Riding Hood,£28.54,books
Ready Player One,£19.07,books
Quiet: The Power of Introverts in a World That Can't Stop Talking,£43.55,books
Prodigy: The Graphic Novel (Legend: The Graphic Novel #2),£43.63,books
Persepolis: The Story of a Childhood (Persepolis #1-2),£39.13,books
Packing for Mars: The Curious Science of Life in the Void,£56.68,books
Outliers: The Story of Success,£14.16,books
Original Fake,£31.45,books
Orange Is the New Black,£24.61,books
One for the Money (Stephanie Plum #1),£32.87,books
Notes from a Small Island (Notes From a Small Island #1),£40.17,books
Night (The Night Trilogy #1),£13.51,books
Neither Here nor There: Travels in Europe,£38.95,books
Naked,£31.69,books
Morning Star (Red Rising #3),£29.40,books
"Miracles from Heaven: A Little Girl, Her Journey to Heaven, and Her Amazing Story of Healing",£57.83,books
Midnight Riot (Peter Grant/ Rivers of London - books #1),£55.46,books
Me Talk Pretty One Day,£57.60,books
Manuscript Found in Accra,£34.98,books
Lust & Wonder,£11.87,books
Lila (Gilead #3),£12.47,books
"Life, the Universe and Everything (Hitchhiker's Guide to the Galaxy #3)",£33.26,books
Life Without a Recipe,£59.04,books
Life After Life,£26.13,books
Letter to a Christian Nation,£22.20,books
Let's Pretend This Never Happened: A Mostly True Memoir,£45.11,books
Legend (Legend #1),£43.69,books
"Lean In: Women, Work, and the Will to Lead",£25.02,books
"Lamb: The Gospel According to Biff, Christ's Childhood Pal",£55.50,books
Lady Renegades (Rebel Belle #3),£53.04,books
Jurassic Park (Jurassic Park #1),£44.97,books
It's Never Too Late to Begin Again: Discovering Creativity and Meaning at Midlife and Beyond,£42.38,books
Is Everyone Hanging Out Without Me? (And Other Concerns),£20.11,books
Into the Wild,£56.70,books
Inferno (Robert Langdon #4),£41.00,books
"In the Garden of Beasts: Love, Terror, and an American Family in Hitler's Berlin",£28.85,books
If I Run (If I Run #1),£49.97,books
I've Got Your Number,£19.69,books
I Am Malala: The Girl Who Stood Up for Education and Was Shot by the Taliban,£28.88,books
Hungry Girl Clean & Hungry: Easy All-Natural Recipes for Healthy Eating in the Real World,£33.14,books
"House of Lost Worlds: Dinosaurs, Dynasties, and the Story of Life on Earth",£43.70,books
House of Leaves,£54.89,books
Horrible Bear!,£37.52,books
Holidays on Ice,£51.07,books
Heir to the Sky,£44.07,books
Green Eggs and Ham (Beginner Books B-16),£10.79,books
"Grayson, Vol 3: Nemesis (Grayson #3)",£42.72,books
Gratitude,£26.66,books
Gone Girl,£37.60,books
Golden (Heart of Dread #3),£42.21,books
Girl in the Blue Coat,£46.83,books
"Fruits Basket, Vol. 3 (Fruits Basket #3)",£45.17,books
"Friday Night Lights: A Town, a Team, and a Dream",£51.22,books
Fire Bound (Sea Haven/Sisters of the Heart #5),£21.28,books
Fifty Shades Freed (Fifty Shades #3),£15.36,books
Fellside,£38.62,books
Extreme Prey (Lucas Davenport #26),£25.40,books
Eragon (The Inheritance Cycle #1),£43.87,books
Eclipse (Twilight #3),£18.74,books
Dune (Dune #1),£54.86,books
Dracula,£52.62,books
Do Androids Dream of Electric Sheep? (Blade Runner #1),£51.48,books
Disrupted: My Misadventure in the Start-Up Bubble,£15.28,books
Dead Wake: The Last Crossing of the Lusitania,£39.24,books
"David and Goliath: Underdogs, Misfits, and the Art of Battling Giants",£17.81,books
Darkfever (Fever #1),£56.02,books
Dark Places,£23.90,books
Crazy Rich Asians (Crazy Rich Asians #1),£49.13,books
Counting Thyme,£10.62,books
Cosmos,£36.17,books
Civilization and Its Discontents,£59.95,books
Cinder (The Lunar Chronicles #1),£26.09,books
Catastrophic Happiness: Finding Joy in Childhood's Messy Years,£37.35,books
Career of Evil (Cormoran Strike #3),£24.72,books
Breaking Dawn (Twilight #4),£35.28,books
Brave Enough,£51.32,books
Boy Meets Boy,£21.12,books
"Born to Run: A Hidden Tribe, Superathletes, and the Greatest Race the World Has Never Seen",£27.35,books
Blink: The Power of Thinking Without Thinking,£21.74,books
Black Flags: The Rise of ISIS,£40.87,books
"Black Butler, Vol. 1 (Black Butler #1)",£49.31,books
Big Little Lies,£22.11,books
Between Shades of Gray,£20.79,books
Best of My Love (Fool's Gold #20),£27.41,books
Beowulf,£38.35,books
Beautiful Creatures (Caster Chronicles #1),£21.55,books
Awkward,£38.02,books
Ash,£22.06,books
Are We There Yet?,£10.66,books
Are We Smart Enough to Know How Smart Animals Are?,£56.58,books
Annie on My Mind,£36.83,books
And Then There Were None,£35.01,books
A Walk in the Woods: Rediscovering America on the Appalachian Trail,£30.48,books
A Visit from the Goon Squad,£14.08,books
A Storm of Swords (A Song of Ice and Fire #3),£31.22,books
A Heartbreaking Work of Staggering Genius,£54.29,books
8 Keys to Mental Health Through Exercise,£31.04,books
#GIRLBOSS,£50.96,books
"The Suffragettes (Little Black Classics, #96)",£11.89,books
The Sense of an Ending,£31.38,books
"The Sandman, Vol. 2: The Doll's House (The Sandman (volumes) #2)",£54.81,books
The Course of Love,£16.78,books
Sugar Rush (Offensive Line #2),£24.42,books
"Saga, Volume 2 (Saga (Collected Editions) #2)",£11.75,books
"Run, Spot, Run: The Ethics of Keeping Pets",£20.02,books
New Moon (Twilight #2),£12.86,books
Life,£31.58,books
Kindle Paperwhite User's Guide,£34.00,books
H is for Hawk,£57.42,books
Girl Online On Tour (Girl Online #2),£53.47,books
"Fruits Basket, Vol. 2 (Fruits Basket #2)",£11.64,books
Diary of a Minecraft Zombie Book 1: A Scare of a Dare (An Unofficial Minecraft Book),£52.88,books
"Y: The Last Man, Vol. 1: Unmanned (Y: The Last Man #1)",£18.51,books
While You Were Mine,£41.32,books
Where Lightning Strikes (Bleeding Stars #3),£39.77,books
When I'm Gone,£51.96,books
Ways of Seeing,£39.51,books
"Vampire Knight, Vol. 1 (Vampire Knight #1)",£15.40,books
Vampire Girl (Vampire Girl #1),£53.82,books
Twenty Love Poems and a Song of Despair,£30.95,books
Travels with Charley: In Search of America,£57.82,books
Three Wishes (River of Time: California #1),£44.18,books
This One Moment (Pushing Limits #1),£48.71,books
The Zombie Room,£19.69,books
"The Wicked + The Divine, Vol. 1: The Faust Act (The Wicked + The Divine)",£36.52,books
The Tumor,£41.56,books
The Story of Hong Gildong,£43.19,books
The Silent Wife,£12.34,books
The Silent Twin (Detective Jennifer Knight #3),£36.25,books
The Selfish Gene,£29.45,books
The Secret Healer,£34.56,books
"The Sandman, Vol. 1: Preludes and Nocturnes (The Sandman (volumes) #1)",£54.12,books
The Republic,£33.78,books
The Odyssey,£29.64,books
The No. 1 Ladies' Detective Agency (No. 1 Ladies' Detective Agency #1),£57.70,books
The Nicomachean Ethics,£36.34,books
The Name of the Wind (The Kingkiller Chronicle #1),£50.59,books
The Mirror & the Maze (The Wrath and the Dawn #1.5),£29.38,books
The Little Prince,£45.42,books
The Light of the Fireflies,£54.43,books
The Last Girl (The Dominion Trilogy #1),£36.26,books
The Iliad,£16.16,books
The Hook Up (Game On #1),£36.29,books
The Haters,£27.89,books
The Girl You Lost,£12.29,books
The Girl In The Ice (DCI Erika Foster #1),£15.85,books
The End of the Jesus Era (An Investigation #1),£14.40,books
The Edge of Reason (Bridget Jones #2),£19.18,books
The Complete Maus (Maus #1-2),£10.64,books
The Communist Manifesto,£14.76,books
The Bhagavad Gita,£57.49,books
The Bette Davis Club,£30.66,books
The Art of Not Breathing,£40.83,books
Taking Shots (Assassins #1),£18.88,books
Starlark,£25.83,books
"Skip Beat!, Vol. 01 (Skip Beat! #1)",£42.12,books
Sister Sable (The Mad Queen #1),£13.33,books
Shatter Me (Shatter Me #1),£42.40,books
Shameless,£58.35,books
Shadow Rites (Jane Yellowrock #10),£21.72,books
Settling the Score (The Summer Games #1),£44.91,books
Sense and Sensibility,£37.46,books
"Saga, Volume 1 (Saga (Collected Editions) #1)",£28.48,books
"Rhythm, Chord & Malykhin",£28.34,books
"Rat Queens, Vol. 1: Sass & Sorcery (Rat Queens (Collected Editions) #1-5)",£46.96,books
Paradise Lost (Paradise #1),£24.96,books
"Paper Girls, Vol. 1 (Paper Girls #1-5)",£21.71,books
"Ouran High School Host Club, Vol. 1 (Ouran High School Host Club #1)",£29.87,books
Origins (Alphas 0.5),£28.99,books
One Second (Seven #7),£52.94,books
On the Road (Duluoz Legend),£32.36,books
Old Records Never Die: One Man's Quest for His Vinyl and His Past,£55.66,books
Off Sides (Off #1),£39.45,books
Of Mice and Men,£47.11,books
Myriad (Prentor #1),£58.75,books
My Perfect Mistake (Over the Top #1),£38.92,books
"Ms. Marvel, Vol. 1: No Normal (Ms. Marvel (2014-2015) #1)",£39.39,books
Meditations,£25.89,books
Matilda,£28.34,books
Lost Among the Living,£27.70,books
Lord of the Flies,£24.89,books
Listen to Me (Fusion #1),£58.99,books
Kitchens of the Great Midwest,£57.20,books
Jane Eyre,£38.43,books
Imperfect Harmony,£34.74,books
Icing (Aces Hockey #2),£40.44,books
"Hawkeye, Vol. 1: My Life as a Weapon (Hawkeye #1)",£45.24,books
Having the Barbarian's Baby (Ice Planet Barbarians #7.5),£34.96,books
"Giant Days, Vol. 1 (Giant Days #1-4)",£56.76,books
"Fruits Basket, Vol. 1 (Fruits Basket #1)",£40.28,books
Frankenstein,£38.00,books
Forever Rockers (The Rocker #12),£28.80,books
Fighting Fate (Fighting #6),£39.24,books
Emma,£32.93,books
"Eat, Pray, Love",£51.32,books
Deep Under (Walker Security #1),£47.09,books
Choosing Our Religion: The Spiritual Lives of America's Nones,£28.42,books
Charlie and the Chocolate Factory (Charlie Bucket #1),£22.85,books
Charity's Cross (Charles Towne Belles #4),£41.24,books
Bright Lines,£39.07,books
Bridget Jones's Diary (Bridget Jones #1),£29.82,books
Bounty (Colorado Mountain #7),£37.26,books
Blood Defense (Samantha Brinkman #1),£20.30,books
"Bleach, Vol. 1: Strawberry and the Soul Reapers (Bleach #1)",£34.65,books
Beyond Good and Evil,£43.38,books
Alice in Wonderland (Alice's Adventures in Wonderland #1),£55.53,books
"Ajin: Demi-Human, Volume 1 (Ajin: Demi-Human #1)",£57.06,books
A Spy's Devotion (The Regency Spies of London #1),£16.97,books
1st to Die (Women's Murder Club #1),£53.98,books
"1,000 Places to See Before You Die",£26.08,books
“The world as we have created it is a process of our thinking. It cannot be changed without changing our thinking.”,Albert Einstein,quotes
"“It is our choices, Harry, that show what we truly are, far more than our abilities.”",J.K. Rowling,quotes
“There are only two ways to live your life. One is as though nothing is a miracle. The other is as though everything is a miracle.”,Albert Einstein,quotes
"“The person, be it gentleman or lady, who has not pleasure in a good novel, must be intolerably stupid.”",Jane Austen,quotes
"“Imperfection is beauty, madness is genius and it's better to be absolutely ridiculous than absolutely boring.”",Marilyn Monroe,quotes
“Try not to become a man of success. Rather become a man of value.”,Albert Einstein,quotes
“It is better to be hated for what you are than to be loved for what you are not.”,André Gide,quotes
"“I have not failed. I've just found 10,000 ways that won't work.”",Thomas A. Edison,quotes
“A woman is like a tea bag; you never know how strong it is until it's in hot water.”,Eleanor Roosevelt,quotes
"“A day without sunshine is like, you know, night.”",Steve Martin,quotes
